id,name,sector,attendance,attendance_status,api,mcp,surface,conditions,mithril_fit,sources,verification
"1","Palo Alto Networks","EDR/XDR","usa","公式2026一覧で確認","公式API仕様","未確認","Cortex XDR alerts read POST","基本/高度キー・ライセンス差、収集上限","既存：basic key・100件windowのみ","https://docs-cortex.paloaltonetworks.com/r/Cortex-XDR-REST-API/Get-all-Alerts","公開文書調査のみ。実tenant接続・動作検証なし"
"2","TrendAI","EDR/XDR","usa","公式2026一覧で確認","公式API仕様","未確認","Vision One Workbench REST","地域・権限・nextLink","既存：最初のページのみ","https://github.com/trendmicro/tm-v1-api-cookbook/blob/main/detection-and-response/python/detection_and_response.py","公開文書調査のみ。実tenant接続・動作検証なし"
"3","Microsoft","EDR/XDR","usa; europe","公式2026一覧で確認","公式API仕様","本表では未確認","Graph alerts_v2","SecurityAlert.Read.All・cloud差","既存：global cloud・100件のみ","https://learn.microsoft.com/en-us/graph/api/security-list-alerts_v2?view=graph-rest-1.0","公開文書調査のみ。実tenant接続・動作検証なし"
"4","CrowdStrike","EDR/XDR","","今回の公式一覧では未確認；製品候補として別枠","公式API仕様","本表では未確認","Falcon selected alert IDs","Alerts:READ・地域・token期限","既存：ID指定のみ／今回BH参加未確認","https://developer.crowdstrike.com/api-reference/collections/alerts/","公開文書調査のみ。実tenant接続・動作検証なし"
"5","Wazuh","EDR/XDR","","今回の公式一覧では未確認；製品候補として別枠","公式API仕様","本表では未確認","Indexer alert search","自営tenant・CA・index read","既存：固定100件／今回BH参加未確認","https://documentation.wazuh.com/current/user-manual/indexer-api/use-case.html","公開文書調査のみ。実tenant接続・動作検証なし"
"6","SentinelOne","EDR/XDR","usa","公式2026一覧で確認","API存在確認・顧客仕様","未確認","REST/GraphQL、API Hub","認証済みOps Center仕様が必要","新規候補：alerts・endpoint telemetry","https://www.sentinelone.com/faq/","公開文書調査のみ。実tenant接続・動作検証なし"
"7","Tenable","脆弱性/CTEM","usa; europe","公式2026一覧で確認","公式API仕様","本表では未確認","VM export chunk GET","既存job UUID・chunk期限","既存：job作成/scanなし","https://developer.tenable.com/reference/exports-vulns-download-chunk","公開文書調査のみ。実tenant接続・動作検証なし"
"8","Qualys","脆弱性/CTEM","usa","公式2026一覧で確認","公式API仕様","未確認","VM host detection API","product/pod差・XML・pagination","候補：既存検出結果の読取","https://docs.qualys.com/en/vm/qweb-all-api/mergedProjects/qapi-assets/host_lists/host_detection.htm","公開文書調査のみ。実tenant接続・動作検証なし"
"9","Rapid7","脆弱性/CTEM","usa","公式2026一覧で確認","公式API仕様","未確認","InsightVM Cloud v4 search","X-Api-Key・地域・cursor","候補：VM/IDRを製品別adapterに","https://help.rapid7.com/insightvm/en-us/api/integrations.html","公開文書調査のみ。実tenant接続・動作検証なし"
"10","Picus Security","BAS/検証","usa","公式2026一覧で確認","公式API仕様","未確認","REST simulations/results","ライセンスごとのAPI範囲","候補：結果読取；simulation開始は別capability","https://apidocs.picussecurity.com/docs/scope-of-the-picus-api","公開文書調査のみ。実tenant接続・動作検証なし"
"11","Cymulate","BAS/検証","usa","公式2026一覧で確認","公式API参照あり","未確認","公式API docs/alliances","schema/auth・module条件を追査","候補：結果exportを先行","https://api.app.cymulate.com/docs/","公開文書調査のみ。実tenant接続・動作検証なし"
"12","Pentera","BAS/検証","usa","公式2026一覧で確認","API存在確認","未確認","API automation official use cases","endpoint schema・認証・契約は未確認","候補：既存評価report","https://pentera.io/blog/pentera-api-security-automation-advanced-use-cases/","公開文書調査のみ。実tenant接続・動作検証なし"
"13","AttackIQ","BAS/検証","usa","公式2026一覧で確認","公式統合説明のみ","未確認","Splunk integration","直接API contract未確認","候補：既存validation結果","https://www.attackiq.com/lp/attackiq-splunk-siem-integration/","公開文書調査のみ。実tenant接続・動作検証なし"
"14","Wiz","クラウド/CNAPP","usa; europe","公式2026一覧で確認","顧客仕様待ち","本表では未確認","supplied issue export","tenant schema・OAuth scopes確認必要","既存：供給JSONのみ／live GraphQLなし","https://www.wiz.io/integrations","公開文書調査のみ。実tenant接続・動作検証なし"
"15","Sysdig","クラウド/CNAPP","usa","公式2026一覧で確認","公式API仕様","公式MCP仕様","REST / hosted Secure MCP","OAuth・対応region・20req/10s・5 concurrent","候補：runtime/posture/CVE；Monitor OSS serverと区別","https://docs.sysdig.com/en/sysdig-secure/integrations/sysdig-mcp-server/; https://docs.sysdig.com/en/developer-tools/sysdig-api/","公開文書調査のみ。実tenant接続・動作検証なし"
"16","Orca Security","クラウド/CNAPP","usa; europe","公式2026一覧で確認","詳細仕様未確認","未確認","統合資料を要請","API security製品とvendor APIを区別","候補：cloud findings","https://orca.security/","公開文書調査のみ。実tenant接続・動作検証なし"
"17","Amazon Web Services","クラウド/CNAPP","usa","公式2026一覧で確認","公式API仕様","本表では未確認","Security Hub findings","IAM・region・ASFF/新API世代差","候補：existing findings；scan/新サービス有効化別","https://docs.aws.amazon.com/online-register/latest/data-formats/awssecurityhub.html","公開文書調査のみ。実tenant接続・動作検証なし"
"18","Cloudflare","ネットワーク/Edge","usa","公式2026一覧で確認","公式API/MCP案内","公式MCP仕様","API MCP / focused analytics","scope限定・広いAPI操作権限を要分離","候補：WAF/DNS/Access log読取＋公式skills評価","https://developers.cloudflare.com/docs-for-agents/","公開文書調査のみ。実tenant接続・動作検証なし"
"19","Splunk, a Cisco Company","SIEM/SOC","usa","公式2026一覧で確認","公式MCP仕様","公式MCP仕様","Platform MCP 2.0","app/version・検索権限・retention/検索cost","候補：既存ログ検索；ES/SOARとは別契約","https://help.splunk.com/en/splunk-cloud-platform/mcp-server-for-splunk-platform/2.0/about-mcp-server-for-splunk-platform","公開文書調査のみ。実tenant接続・動作検証なし"
"20","Elastic","SIEM/SOC","usa","公式2026一覧で確認","公式API仕様","公式reference実装","Security MCP App / Agent Builder","API key・default space・Elastic-2.0・support境界","候補：reference appのread/write分離","https://www.elastic.co/docs/solutions/security/mcp-app/elastic-security-mcp-app; https://www.elastic.co/docs/api/doc/kibana/group/endpoint-security-detections-api","公開文書調査のみ。実tenant接続・動作検証なし"
"21","Google Cloud","SIEM/SOC","usa","公式2026一覧で確認","公式API仕様","本表では未確認","Google SecOps APIs","IAM・regional tenant・API世代","候補：alert/UDM調査；SOAR API別","https://docs.cloud.google.com/chronicle/docs/reference/google-secops-api-libraries-overview","公開文書調査のみ。実tenant接続・動作検証なし"
"22","Datadog","SIEM/SOC","usa; europe","公式2026一覧で確認","公式MCP文書","公式MCP文書","Datadog MCP tools","tool permissions・Security対象を個別確認","候補：observabilityとsecurityを相関；全Security製品対応とは未確認","https://docs.datadoghq.com/mcp_server/; https://docs.datadoghq.com/mcp_server/tools/","公開文書調査のみ。実tenant接続・動作検証なし"
"23","Sumo Logic","SIEM/SOC","usa; asia; europe","公式2026一覧で確認","詳細仕様未確認","未確認","search/alert API調査待ち","edition・query cost・schema","候補：read search","https://www.sumologic.com/","公開文書調査のみ。実tenant接続・動作検証なし"
"24","Tines","SOAR/Case","usa; asia; europe","公式2026一覧で確認","公式API仕様","公式MCP仕様","Stories MCP＋custom MCP","OAuth；authoring serverは変更操作を含む","候補：case read；production story実行とは分離","https://www.tines.com/stories/docs/mcp-server/; https://www.tines.com/stories/docs/api/welcome/","公開文書調査のみ。実tenant接続・動作検証なし"
"25","Torq","SOAR/Case","usa; europe","公式2026一覧で確認","公式API仕様","本表では未確認","REST public API","workspace key・US/EU/JP・50req/s","候補：audit/workflow read；publish/実行別","https://developers.torq.io/apidocs","公開文書調査のみ。実tenant接続・動作検証なし"
"26","Fortinet","SOAR/Case","usa","公式2026一覧で確認","公式API仕様","本表では未確認","FortiSOAR 7.6 API","製品世代・role・tenant","候補：FortiSOAR cases；FortiGate/FortiSIEMは別adapter","https://docs.fortinet.com/document/fortisoar/7.6.0/api-guide","公開文書調査のみ。実tenant接続・動作検証なし"
"27","StrangeBee","SOAR/Case","europe","公式2026一覧で確認","公式API仕様","本表では未確認","TheHive 5 API","organization・role・edition","候補：case/observable/task；Cortex execution別","https://docs.strangebee.com/thehive/api-docs","公開文書調査のみ。実tenant接続・動作検証なし"
"28","Axonius","資産/CAASM","usa","公式2026一覧で確認","公式API仕様","本表では未確認","REST API v2","version・asset permission・customer契約","候補：asset joinの基盤","https://docs.axonius.com/docs/axonius-rest-api","公開文書調査のみ。実tenant接続・動作検証なし"
"29","runZero","資産/CAASM","europe","公式2026一覧で確認","公式API仕様","公式MCP仕様","Export API / MCP","ET read-only；OAuth/client grants；license","候補：inventory read；start_scanを除外","https://help.runzero.com/docs/mcp/; https://help.runzero.com/docs/leveraging-the-api/","公開文書調査のみ。実tenant接続・動作検証なし"
"30","Censys","TI/EASM","usa; asia; europe","公式2026一覧で確認","公式API仕様","公式MCP仕様","Platform v3 / hosted MCP","PAT/OAuth・API Access・plan/credits","候補：既知IP/domain enrichment；legacy API移行注意","https://docs.censys.com/docs/platform-mcp-server; https://docs.censys.com/reference/get-started","公開文書調査のみ。実tenant接続・動作検証なし"
"31","Recorded Future | Mastercard","TI/EASM","usa","公式2026一覧で確認","公式API仕様","本表では未確認","module-specific enrichment APIs","module entitlement・token種別・再配布契約","候補：IOC enrichment","https://docs.recordedfuture.com/reference/get-started","公開文書調査のみ。実tenant接続・動作検証なし"
"32","Filigran","TI/EASM","usa; asia","公式2026一覧で確認","公式API仕様","本表では未確認","OpenCTI GraphQL/connectors","role・token・connector source rights","候補：STIX graph；XTM各製品を分離","https://docs.opencti.io/latest/reference/api/","公開文書調査のみ。実tenant接続・動作検証なし"
"33","VulnCheck","TI/EASM","usa; europe","公式2026一覧で確認","公式API仕様","本表では未確認","v4 indexes/openapi","API key/entitlement・redistribution","候補：KEV/exploit intelligence correlation","https://docs.vulncheck.com/api/v4","公開文書調査のみ。実tenant接続・動作検証なし"
"34","DomainTools","TI/EASM","asia","公式2026一覧で確認","詳細仕様未確認","未確認","Iris/WHOIS API調査待ち","module・quota・情報retention","候補：domain historical context","https://www.domaintools.com/","公開文書調査のみ。実tenant接続・動作検証なし"
"35","SOCRadar","TI/EASM","usa","公式2026一覧で確認","詳細仕様未確認","未確認","TI/DRP API調査待ち","tenant docs・契約・再配布","候補：fraud/brand monitoring","https://socradar.io/","公開文書調査のみ。実tenant接続・動作検証なし"
"36","Okta","Identity/PAM/NHI","usa","公式2026一覧で確認","公式API仕様","本表では未確認","System Log API","scoped OAuth推奨・cursor・retention","候補：identity timeline","https://developer.okta.com/docs/reference/system-log-query/","公開文書調査のみ。実tenant接続・動作検証なし"
"37","SpecterOps","Identity/PAM/NHI","usa; europe","公式2026一覧で確認","公式API仕様","本表では未確認","BloodHound OpenAPI","CE/Enterprise差・collection permissions","候補：既存attack-path graph；collector実行別","https://github.com/SpecterOps/BloodHound/wiki/OpenAPI-Spec-Guide","公開文書調査のみ。実tenant接続・動作検証なし"
"38","BeyondTrust","Identity/PAM/NHI","usa","公式2026一覧で確認","公式API仕様","本表では未確認","BeyondInsight/Password Safe API","version・audit-read permission","候補：auditのみ；password checkoutは別capability","https://docs.beyondtrust.com/bips/reference/beyondinsight-and-password-safe-api-usage","公開文書調査のみ。実tenant接続・動作検証なし"
"39","Delinea","Identity/PAM/NHI","usa","公式2026一覧で確認","公式API仕様","本表では未確認","Platform API","Platform/Secret Server差・access scope","候補：audit read；secret値を取得しない設計","https://docs.delinea.com/online-help/delinea-platform/api/api-reference.htm","公開文書調査のみ。実tenant接続・動作検証なし"
"40","1Password","Identity/PAM/NHI","usa","公式2026一覧で確認","詳細仕様未確認","未確認","Events APIを追査","vault/secret取得とは分離","候補：events only","https://1password.com/","公開文書調査のみ。実tenant接続・動作検証なし"
"41","SailPoint Technologies","Identity/PAM/NHI","usa","公式2026一覧で確認","詳細仕様未確認","未確認","identity governance API追査","tenant・identity個人情報","候補：access review","https://www.sailpoint.com/","公開文書調査のみ。実tenant接続・動作検証なし"
"42","Semgrep","AppSec/SupplyChain","usa; asia; europe","公式2026一覧で確認","公式MCP案内","公式製品MCP案内","Guardian findings query","endpoint/auth/tools schemaは追加確認","候補：SAST/SCA findings；scanとread分離","https://semgrep.dev/products/product-updates/query-your-semgrep-findings-by-asking-guardian/","公開文書調査のみ。実tenant接続・動作検証なし"
"43","GitGuardian","AppSec/SupplyChain","usa; europe","公式2026一覧で確認","公式MCP仕様","公式MCP beta","ggmcp","current beta・redaction・read permissions","候補：secret incident metadata；秘密値は返さない","https://docs.gitguardian.com/ggmcp-docs/home","公開文書調査のみ。実tenant接続・動作検証なし"
"44","Snyk","AppSec/SupplyChain","usa","公式2026一覧で確認","公式CLI仕様","MCP inventory機能；server契約未確認","AI-BOM / CLI output","aibom experimental・Python・network・CycloneDX1.6","候補：SCA+AI supply chain findings","https://docs.snyk.io/developer-tools/snyk-cli/commands/aibom","公開文書調査のみ。実tenant接続・動作検証なし"
"45","GitLab","AppSec/SupplyChain","usa","公式2026一覧で確認","公式MCP仕様","公式MCP beta","/api/v4/mcp","instance permission・deployed version・opt-in security toolset","候補：finding/MR context；docs最新機能とtenant版を照合","https://docs.gitlab.com/user/model_context_protocol/mcp_server/","公開文書調査のみ。実tenant接続・動作検証なし"
"46","JFrog","AppSec/SupplyChain","europe","公式2026一覧で確認","公式MCP仕様","公式MCP仕様","SaaS MCP","active Cloud subscription・admin enable・beta tools別","候補：Xray/package/Evidence read；token/create操作別","https://docs.jfrog.com/integrations/docs/jfrog-mcp-server; https://docs.jfrog.com/integrations/docs/jfrog-mcp-server-tools","公開文書調査のみ。実tenant接続・動作検証なし"
"47","PortSwigger","AppSec/SupplyChain","usa","公式2026一覧で確認","公式API仕様","本表では未確認","Burp Suite DAST REST/GraphQL","edition・API key・version","候補：既存scan result；scan start別","https://portswigger.net/burp/documentation/dast/user-guide/api-documentation","公開文書調査のみ。実tenant接続・動作検証なし"
"48","Veracode","AppSec/SupplyChain","usa","公式2026一覧で確認","公式API仕様","本表では未確認","REST APIs","HMAC auth・tenant/product scope","候補：既存application findings","https://docs.veracode.com/r/Veracode_APIs","公開文書調査のみ。実tenant接続・動作検証なし"
"49","HackerOne","AppSec/SupplyChain","usa; asia; europe","公式2026一覧で確認","公式API仕様","本表では未確認","JSON:API reports/webhooks","Basic token・program role・disclosure constraints","候補：authorized reports；sandbox提供","https://api.hackerone.com/getting-started/","公開文書調査のみ。実tenant接続・動作検証なし"
"50","Black Duck","AppSec/SupplyChain","usa; europe","公式2026一覧で確認","詳細仕様未確認","未確認","SCA product API追査","product名/版・SBOM/export契約","候補：license/SCA findings","https://www.blackduck.com/","公開文書調査のみ。実tenant接続・動作検証なし"
"51","Vectra AI","NDR/OT","usa","公式2026一覧で確認","公式API仕様","本表では未確認","v3.4 events","stable/preview差・OAuth/region要確認","候補：network attack events","https://apidocs.vectra.ai/api/v-3-4-events","公開文書調査のみ。実tenant接続・動作検証なし"
"52","ExtraHop","NDR/OT","usa","公式2026一覧で確認","公式API仕様・旧版例","本表では未確認","RevealX REST API guide","9.9資料と現tenant版を照合","候補：detections/flows read","https://docs.extrahop.com/9.9/rest-api-guide/rest-api-guide.pdf","公開文書調査のみ。実tenant接続・動作検証なし"
"53","Corelight","NDR/OT","usa","公式2026一覧で確認","公式export説明","未確認","Zeek/Suricata log export","sensor版・schema・volume・PCAP扱い","候補：passive telemetry import；direct API未確認","https://corelight.com/hubfs/resources/white-papers/corelight-accelerate-ir-with-zeek-and-suricata-wp.pdf","公開文書調査のみ。実tenant接続・動作検証なし"
"54","Claroty","NDR/OT","usa; europe","公式2026一覧で確認","詳細仕様未確認","未確認","CTD/xDome API要請","OT topology/firmware・接続条件","候補：既存inventory/alerts；active probing別","https://claroty.com/","公開文書調査のみ。実tenant接続・動作検証なし"
"55","Dragos","NDR/OT","usa","公式2026一覧で確認","詳細仕様未確認","未確認","platform export/API要請","OT deployment・read permissions","候補：既存OT detections","https://www.dragos.com/","公開文書調査のみ。実tenant接続・動作検証なし"
"56","Sublime Security","Email/Fraud","usa; europe","公式2026一覧で確認","公式API仕様","本表では未確認","REST/OpenAPI/webhook","region base URL・role・message PII","候補：message metadata；trashは別","https://docs.sublime.security/reference/introduction","公開文書調査のみ。実tenant接続・動作検証なし"
"57","Proofpoint, Inc.","Email/Fraud","usa","公式2026一覧で確認","公式API仕様","本表では未確認","TAP SIEM API","product/license・event windows・auth","候補：email threat timeline","https://help.proofpoint.com/Threat_Insight_Dashboard/API_Documentation/SIEM_API","公開文書調査のみ。実tenant接続・動作検証なし"
"58","Mimecast","Email/Fraud","usa","公式2026一覧で確認","公式API案内","本表では未確認","API2.0 developer portal","1.0/2.0混同回避・region・application role","候補：existing email/security events","https://developer.services.mimecast.com/","公開文書調査のみ。実tenant接続・動作検証なし"
"59","Abnormal AI","Email/Fraud","usa","公式2026一覧で確認","詳細仕様未確認","未確認","tenant API要請","message PII・data rights・scope","候補：BEC/fraud findings","https://abnormal.ai/","公開文書調査のみ。実tenant接続・動作検証なし"
"60","SpyCloud","Email/Fraud","usa","公式2026一覧で確認","詳細仕様未確認","未確認","identity exposure feed要請","漏えい個人情報/秘密・契約範囲","候補：risk metadataのみ","https://spycloud.com/","公開文書調査のみ。実tenant接続・動作検証なし"
"61","Varonis","DSPM/DLP/SaaS","usa; asia; europe","公式2026一覧で確認","API存在確認・顧客仕様","本表では未確認","public API/syslog/webhooks","API key・RBAC・customer endpoint docs","候補：data-access timeline；raw content別","https://www.varonis.com/trust/security; https://www.varonis.com/blog/whats-new-in-varonis-march-2025","公開文書調査のみ。実tenant接続・動作検証なし"
"62","Cyera","DSPM/DLP/SaaS","usa; europe","公式2026一覧で確認","公式統合説明のみ","未確認","SIEM/Snowflake integrations","endpoint/auth/schemaは未確認","候補：data-risk findings","https://www.cyera.com/integrations","公開文書調査のみ。実tenant接続・動作検証なし"
"63","Binalyze","DFIR/証拠","usa; europe","公式2026一覧で確認","公式API仕様","公式brochure言及・仕様未確認","AIR API","Bearer・case/evidence roles・agent footprint","候補：既存case/evidence読取；acquisition別","https://docs.binalyze.com/","公開文書調査のみ。実tenant接続・動作検証なし"
"64","Magnet Forensics","DFIR/証拠","usa","公式2026一覧で確認","公式export仕様","未確認","AXIOM Cyber reporting/export","product edition・export artifact/hashes","候補：既存report import；remote acquisition別","https://www.magnetforensics.com/docs/axiom-cyber/html/Content/Resources/PDFs/Magnet%20AXIOM%20Cyber%20User%20Guide.pdf","公開文書調査のみ。実tenant接続・動作検証なし"
"65","Cellebrite","DFIR/証拠","usa","公式2026一覧で確認","公式製品/export説明","未確認","Endpoint Inspector/UFDR要追査","product別schema・license・case custody","候補：受領exportのみ；抽出API共通化は不可","https://cellebrite.com/en/productupdates/endpoint-inspector-2-4/","公開文書調査のみ。実tenant接続・動作検証なし"
"66","ReversingLabs","Malware/Sandbox","usa","公式2026一覧で確認","公式API仕様","本表では未確認","Spectra Intelligence/Detect API","module・quota・sample upload/publish policy","候補：hash lookup/既存analysis read","https://docs.reversinglabs.com/SpectraIntelligence/API-reference/","公開文書調査のみ。実tenant接続・動作検証なし"
"67","VMRay","Malware/Sandbox","europe","公式2026一覧で確認","公式API更新案内","本表では未確認","platform API","API detailed contract・deploymentを要請","候補：既存analysis；sample upload別","https://www.vmray.com/release-highlights-vmray-platform-2025-4-0/","公開文書調査のみ。実tenant接続・動作検証なし"
"68","Joe Security","Malware/Sandbox","europe","公式2026一覧で確認","公式API関連資料","未確認","Joe Sandbox Detect docs","Cloud/Detect違い・sample privacy","候補：既存report read；public sample submission別","https://joesecurity.org/guides/joeboxdetect/html/guide.html","公開文書調査のみ。実tenant接続・動作検証なし"
"69","HiddenLayer","AI/MCP Security","usa","公式2026一覧で確認","公式SDK/API仕様","server仕様未確認","official Python REST SDK","Bearer・US/EU・一部Beta API","候補：model/interaction findings；送信promptの扱い別","https://github.com/hiddenlayerai/hiddenlayer-sdk-python","公開文書調査のみ。実tenant接続・動作検証なし"
"70","Akto","AI/MCP Security","usa","公式2026一覧で確認","公式API reference","MCP防御製品・汎用server未確認","API reference/endpoint shield","防御対象MCPと提供MCPを区別","候補：inventory/test results","https://docs.akto.io/api-reference/api-reference; https://docs.akto.io/mcp-endpoint-shield","公開文書調査のみ。実tenant接続・動作検証なし"
"71","GISKARD AI","AI/MCP Security","europe","公式2026一覧で確認","公式SDK仕様","本表では未確認","Hub SDK/scans/evaluations","Hub account・API key・edition","候補：既存evaluation/scan result","https://docs.giskard.ai/hub/sdk/reference","公開文書調査のみ。実tenant接続・動作検証なし"
"72","Mindgard","AI/MCP Security","usa; europe","公式2026一覧で確認","詳細仕様未確認","未確認","AI testing API要請","test-run scope・model/prompt privacy","候補：評価report","https://mindgard.ai/","公開文書調査のみ。実tenant接続・動作検証なし"
"73","NeuralTrust","AI/MCP Security","usa; europe","公式2026一覧で確認","詳細仕様未確認","未確認","gateway/test result interface要請","gateway access/trace retention","候補：agent trace・policy findings","https://neuraltrust.ai/","公開文書調査のみ。実tenant接続・動作検証なし"
"74","Noma Security","AI/MCP Security","usa","公式2026一覧で確認","詳細仕様未確認","未確認","AI-SPM findings API要請","inventory schema・region・contract","候補：AI inventory","https://noma.security/","公開文書調査のみ。実tenant接続・動作検証なし"
"75","Rubrik","Recovery/Resilience","usa","公式2026一覧で確認","公式API仕様","本表では未確認","RSC GraphQL / REST beta","service role・GraphQL queriesとmutations分離","候補：backup/threat metadata；restore別","https://developer.rubrik.com/Rubrik-Security-Cloud-API/","公開文書調査のみ。実tenant接続・動作検証なし"
"76","Veeam Software","Recovery/Resilience","usa","公式2026一覧で確認","公式API仕様","本表では未確認","Backup&Replication13 REST","製品/版ごとのAPI・audit read scope","候補：job/history read；restore別","https://helpcenter.veeam.com/references/vbr/13/rest/index.html","公開文書調査のみ。実tenant接続・動作検証なし"
"77","Vanta","GRC/TPRM","usa; asia; europe","公式2026一覧で確認","公式API案内","公式MCP仕様","remote MCP + API","OAuth・role/feature・region","候補：control/evidence metadata；risk/privacy record書込別","https://help.vanta.com/en/articles/11345411-vanta-api; https://help.vanta.com/en/articles/15461008-vanta-mcp-overview","公開文書調査のみ。実tenant接続・動作検証なし"
"78","Drata","GRC/TPRM","usa","公式2026一覧で確認","公式API仕様","公式MCP仕様＋公式skills","v2/OpenAPI/MCP","API key・OAuth設定Admin・workspace","候補：control/evidence freshness；write skillsは別capability","https://developers.drata.com/openapi/reference/v2/overview/; https://developers.drata.com/developer-portal/v2/mcp-server/; https://developers.drata.com/developer-portal/v2/skills/","公開文書調査のみ。実tenant接続・動作検証なし"
"79","Black Kite","GRC/TPRM","usa","公式2026一覧で確認","詳細仕様未確認","未確認","vendor risk feed API要請","rating/data再配布条件","候補：third-party risk context","https://blackkite.com/","公開文書調査のみ。実tenant接続・動作検証なし"
"80","UpGuard","GRC/TPRM","usa","公式2026一覧で確認","詳細仕様未確認","未確認","external risk API追査","monitoring対象・license・quota","候補：vendor exposure","https://www.upguard.com/","公開文書調査のみ。実tenant接続・動作検証なし"
"81","ManageEngine","Endpoint/IT管理","usa; asia","公式2026一覧で確認","公式API仕様","未確認","Endpoint Central OpenAPI","cloud/onprem/version・read permissions","候補：inventory/patch status read","https://www.manageengine.com/products/desktop-central/help/api/onpremise/open-api-specification-oas.html","公開文書調査のみ。実tenant接続・動作検証なし"
"82","N-able","Endpoint/IT管理","usa","公式2026一覧で確認","公式API仕様・preview文書","未確認","N-central REST API","対象版・preview仕様を確認","候補：inventory/job history read","https://documentation.n-able.com/N-central/preview/rest_api_preview/Content/REST_APIs/what-is-rest-apis.htm","公開文書調査のみ。実tenant接続・動作検証なし"
"83","NinjaOne","Endpoint/IT管理","usa; europe","公式2026一覧で確認","詳細仕様未確認","未確認","tenant API要請","scope・device/user information","候補：inventory/status read","https://www.ninjaone.com/","公開文書調査のみ。実tenant接続・動作検証なし"
"84","Keyfactor","PKI/暗号","usa","公式2026一覧で確認","公式API仕様","未確認","EJBCA OpenAPI","EJBCA/Command別・CA authorization","候補：certificate metadata；発行/失効別","https://docs.keyfactor.com/ejbca/latest/open-api-specification","公開文書調査のみ。実tenant接続・動作検証なし"
"85","Thales","PKI/暗号","usa","公式2026一覧で確認","詳細仕様未確認","未確認","HSM/IAM product API要請","製品種別・hardware connection・key operation","候補：key/certificate metadata；秘密鍵操作別","https://www.thalesgroup.com/","公開文書調査のみ。実tenant接続・動作検証なし"
"86","Tailscale","ネットワーク/ZeroTrust","usa; europe","公式2026一覧で確認","公式API仕様","未確認","Tailnet API","scoped trust credentials・token expiry","候補：devices/audit；policy変更別","https://tailscale.com/docs/reference/tailscale-api","公開文書調査のみ。実tenant接続・動作検証なし"
"87","Zero Networks","ネットワーク/ZeroTrust","usa","公式2026一覧で確認","詳細仕様未確認","未確認","segmentation API要請","tenant contract・policy scope","候補：policy/audit read；block変更別","https://zeronetworks.com/","公開文書調査のみ。実tenant接続・動作検証なし"
"88","Zimperium","Mobile/AppProtection","usa","公式2026一覧で確認","API存在確認・顧客仕様","未確認","developer portal Web API","console login・product/partner contract","候補：mobile findings read","https://devportal.zimperium.com/accounts/login/?next=%2F","公開文書調査のみ。実tenant接続・動作検証なし"
"89","Huntress","MDR/AI SOC","usa; europe","公式2026一覧で確認","詳細仕様未確認","未確認","MDR reporting API要請","MSP tenant isolation・data export権利","候補：detections/case summary read","https://www.huntress.com/","公開文書調査のみ。実tenant接続・動作検証なし"
"90","ReliaQuest","MDR/AI SOC","usa","公式2026一覧で確認","詳細仕様未確認","未確認","GreyMatter interface要請","service contract・multi-source duplicate handling","候補：investigation metadata","https://reliaquest.com/","公開文書調査のみ。実tenant接続・動作検証なし"
"91","Dropzone AI","MDR/AI SOC","usa","公式2026一覧で確認","詳細仕様未確認","未確認","investigation result interface要請","evidence links・provenance・model reasoning区別","候補：analysis result import","https://www.dropzone.ai/","公開文書調査のみ。実tenant接続・動作検証なし"
